size,Triton,Torch
4096.000000,8.000000,9.600000
8192.000000,15.999999,15.999999
16384.000000,31.999999,31.999999
32768.000000,63.999998,63.999998
65536.000000,127.999995,127.999995
131072.000000,219.428568,219.428568
262144.000000,384.000001,384.000001
524288.000000,614.400016,614.400016
